,english,korean,japanese
network fail,Network failed. Restarting the game.,통신 실패. 게임을 재시작합니다.,
network retry,Network failed. Please try again.,통신 실패. 잠시 후 다시 시도해주세요.,
touch to start,Touch to start,화면을 터치하면 시작합니다.,
ok,OK,확인,
cancel,Cancel,취소,
yes,Yes,예,
no,No,아니오,
continue,Continue,계속,
language,Language,언어,
complete,Complete,완료,
gem,Gem,잼,
video store,VIDEO STORE,비디오 상점,
exit game,Do you want to exit the game?,게임을 종료 하시겠습니까?,
exit,EXIT,종료,
welcome remember password,"Welcome` [%s].\nYou can access your account with Name and Password. Please, try not to forget.",반갑습니다 [%s]님.\n이름과 비밀번호로 계정에 접속할 수 있으니 이름과 비번 잊지 말아주세요 ^0^.,
ads not ready try later,Ads it not ready yet. Try again` later.,아직 광고가 준비되지 않았습니다. 잠시 후 다시 시도해주세요.,
update,UPDATE,업데이트,
update required,A new version is ready. Let’s enjoy after update the game.,새로운 버전이 나왔습니다. 업데이트하러 가볼까요?,
server maintenance,SERVER MAINTENANCE,서버 점검중,
server maintenance description format,The server is in maintenance mode. You can try accessing the game after about %d hours.,서버 점검중 입니다.\n약 %d 시간 후에 다시 접속해보세요!,
stage,Stage,스테이지,
lesson,Lesson,Lesson,
theLastLesson,The Last Lesson,The Last Lesson,
please wait,Please wait…,잠시만 기다려주세요,
shop,SHOP,상점,
buy,BUY,구매하기,
locked,Locked,잠겨있음,
coin,Coin,코인,
iap not ready,Product is not ready yet. Try again.,상품이 아직 준비되지 않았습니다. 다시 시도해주세요.,
almost expire buy again,About to expire! Buy again.,마감임박?! 다시 구매하세요!,
day left,Day left,남은 일수,
default gun,Default gun,기본 무기,
armor,Armor,아머,
merge,Merge,합성,
merging,Merging,합성,
result,Result,결과,
new account,New account,새 계정,
register,Register,등록,
auto register,Auto\nRegister,자동 등록,
shield,Shield,방패,
name,Nick Name,이름,
input name,Input your name,이름을 입력하세요,
same name exist,The name is already in use,이미 등록된 이름입니다.,
name registered,Your name is saved,이름이 저장되었습니다.,
new user,New User,신규유저,
existing user,Existing User,기존유저,
user id,User ID,유저ID,
is new user,Are you a new user?,신규 유저입니까?,
change,Change,변경,
account change,Change Account,계정 전환,
change name,Change Name,이름 변경,
change name alert,Don’t use bad word for your name. And report any insulting name. Here we inform you that any bad name can be changed by operator without warning.,욕설 등의 저속어로 이름을 짓지 말아주세요. 기분 나쁜 이름을 발견하면 신고해주세요. 사용자의 눈살을 찌푸리게 만드는 이름은 운영자에 의해 경고 없이 임의의 이름으로 변경 됨을 알려 드립니다.,
gift from dev team,Gift from Dev team,운영자가 보낸 선물,
message to dev team,Send message to Dev team,운영자에게 메세지 보내기,
visit forum,Visit community forum,게시판을 방문하기,
visit forum reward message,You just got rewarded. Don’t forget to visit the forum and get rewarded everyday!,보상이 지급되었습니다.\n매일매일 방문 보상이 지급되니 잊지말고 출첵 남겨보세요!,
you received reward,You just received reward.,보상이 지급되었습니다.,
login failed,Failed to log-in,로그인에 실패하였습니다,
login success,Log-in success. Restarting the game.,로그인에 성공했습니다. 게임을 재시작합니다.,
weapon,Weapon,무기,
battle,Battle,배틀,
mission,MISSION,임무,
exp,EXP,경험치,
move,MOVE,이동,
name,Name,이름,
password,Password,비밀번호,
confirm password,Confirm password,비밀번호 확인,
password not match,Passwords are not matched,비밀번호가 일치하지 않습니다.,
setting,Setting,설정,
profile,Profile,프로필,
rank th,Rank %d[th],랭킹 %d위,
avatar,Avatar,아바타,
must equip 3 weapons,You need at least 3 weapons equipped.,3개 이상의 무기를 장착해야합니다.,
report bug or cheating,Report a bug or bad users,버그나 못된 유저를 신고해주세요,
you should battle to rank,Battle other users to get your rank!,불꽃 튀는 배틀로 랭킹에 오르세요!,
change account,Change account,계정 전환,
mission desc 0,Pick 1 weapon from Chest menu,보물상자에서 무기를 1회 뽑아보세요,
mission desc 1,Pick 1 shield from Chest menu,보물상자에서 방패를 1회 뽑아보세요,
mission desc 2,Pick 1 rune stone from Chest menu,보물상자에서 마나석을 1회 뽑아보세요,
mission desc 3,Play the daily dungeon for 1 time,요일 던전을 1회 플레이 하세요,
mission desc 4,Merge weapons for 1 time,무기를 1회 합성하세요,
mission desc 5,Defeat BAZOOKA MAN 1 time,바주카맨을 1회 처치하세요,
mission desc 6,Open the gift box for 1 time,선물상자를 1회 열어보세요,
mission desc 7,Win Avatar challenge for 1 time,아바타 점령전에서 1회 승리하세요,
mission desc 8,Win Network battle for 1 time,네트워크 대전에서 1회 승리하세요,
mission desc 9,Fix a weapon in Search menu,탐색 메뉴에서 무기를 1회 수리하세요,
mission desc 10,Receive tickets from monthly product,월정액 입장권을 받으세요,
mission desc 11,Collect items from avatars,아바타 점령전에서 재료를 모으세요,
starter pack,Starter,스타터팩,
essential pack,Essential Pack,입문 필수팩,
ads can skip by essential pack,With Essential Pack purchased` no ads.,입문 필수팩 구매시 광고 없이 모든 보상 수령 가능,
reset in,Reset in,초기화,
ads left,Ads left,남은 광고,
quick starter,Quick Starter,빠른 입문팩,
package 0,Fast Runner Pack,효과 빠른 팩,
package 1,Luxury Pack,럭셔리 팩,
genuine user,Genuine User,장기유저 추천팩,
package product,Package,패키지,
monthly product,Monthly,월정액,
gem monthly desc,Best efficient! Check it out!\nGet your gem everyday!,비교해보세요! 최고의 가성비!\n매일 접속해서 잼 획득!,
ticket monthly desc,Speed up\nwith more tickets!,빠르게 레벨업! 빠른 성장 필수팩!,
buy once description,You can buy it only once,해당 상품은 한 번만 구매 가능합니다,
remove ads,Remove ADS,광고 제거,
3-star weapon,3-Star Weapon,3성 무기,
4-star weapon,4-Star Weapon,4성 무기,
3-star shield,3-Star Weapon,3성 방패,
4-star shield,4-Star Weapon,4성 방패,
2-star rune,2-Star Rune,2성 마나석,
3-star rune,3-Star Rune,3성 마나석,
instant provide,Instantly Provides,즉시지급,
provided for 30 days,Provides for 30 days,30일 동안 제공,
monthly instant reward,Instant reward for Monthly product,월정액 상품 즉시지급 보상,
monthly daily reward,Daily reward for Monthly product,월정액 상품 일일 보상,
total,Total,합계,
purchase complete,Purchase Complete,구매 완료,
avatar challenge,Avatar Challenge,아바타 점령전,
network battle,Network Battle,네트워크 대전,
player won result description,You won!,당신이 이겼습니다!,
enemy won result description,You lost. Upgrade your armor and try again.,당신은 패배하였습니다.\n장비를 업그레이드하고 다시 시도하세요!,
gun head,GUN HEAD,건 해드,
next match,Next Match,다음 상대,
rival match,Rival Match,라이벌 매치,
rival match description,Result will be applied to war info.  Every reward and panelry will be doubled. Win for your house family.,결과는 전쟁 정보에 반영됩니다. 모든 보상과 패널티는 두 배가 됩니다. 당신의 가문을 위해 승리하세요!,
tip0,Promote your weapons to be strong,무기를 합성하면 더 강력한 무기를 얻을 수 있습니다.,
tip1,Fix and get a weapon from Search menu,탐색 메뉴에서 운 좋게 무기를 얻을 수 있습니다.,
tip2,Get rewards from Mission,임무를 통해 다양한 보상을 획득하세요.,
tip3,New missions everyday!,임무는 매일 초기화 됩니다.,
tip4,EXP can be obtained only from Battle,경험치는 배틀을 통해서만 얻을 수 있습니다.,
tip5,Items for mission can be obtained from Avatar Challenge,아바타 점령전에서는 임무에 필요한 아이템을 얻을 수 있습니다.,
tip6,Rune can be obtained from Network Battle,네트워크 대전에서는 마나석을 얻을 수 있습니다.,
tip7,Network Battle opponents can be refreshed once a day for free,네트워크 대전 상대들은 하루에 한 번 무료로 새로고침 할 수 있습니다.,
tip8,Hero’s HP increases as much as Shield’s.,방패 착용시 방패의 체력만큼 영웅의 체력이 증가합니다.,
get result right now,SKIP,바로 확인,
select,Select,선택하기,
selected,Selected,선택됨,
trophy desc 0,Defeat BAZOOKA MAN,바주카맨 처치,
trophy desc 1,Defeat MACHINEGUN MAN,머신건맨 처치,
trophy desc 2,Defeat GIANT PIERROT,자이언트 처치,
trophy desc 3,Defeat MYSTeRY HOOD,미스테리후트 처치,
trophy desc 4,Clear the dungeon with only Pistol,딱총으로 던전 클리어,
trophy desc 5,Register every gun in Collection,모든 무기 도감 등록,
trophy desc 6,Register every shield in Collection,모든 방패 도감 등록,
trophy desc 7,Register every rune in Collection,모든 마나석 도감 등록,
trophy desc 8,Challenge and win all the avatars,모든 아바타 점령,
achievement complete,You got a remarkable achievement!,업적을 달성했습니다!,
achieve name 0,Defeat BAZOOKA MAN,바주카맨 처치,
achieve name 1,Defeat MACHINEGUN MAN,머신건맨 처치,
achieve name 2,Defeat GIANT PIERROT,자이언트 처치,
achieve name 3,Defeat MYSTeRY HOOD,미스테리후트 처치,
achieve name 4,,무기 뽑기,
achieve name 5,,방패 뽑기,
achieve name 6,,룬 뽑기,
achieve name 7,,무기 합성,
achieve name 8,,방패 합성,
achieve name 9,,룬 합성,
achieve name 10,,무기 강화,
achieve name 11,,방패 강화,
achieve name 12,,요일 던전 입장,
achieve name 13,,보스 던전 입장,
achieve name 14,,삐에로 처치,
achieve name 15,,출석,
achieve name 16,,온라인 배틀,
achieve name 17,,점령 진행,
,,,
,,,
access reward am79,Morning access reward,아침 접속 보상,
access reward pm1214,Launch access reward,신나는 점심시간 접속 보상,
access reward pm1720,Dinner access reward,저녁 접속 보상,
access reward pm2022,After dinner access reward,애매한 시간에 접속 보상,
access reward pm2224,Midnight access reward,심야 접속 보상,
free,Free,무료,
tier,Tier,등급,
tier0,1 Star,1성,
tier1,2 Star,2성,
tier2,3 Star,3성,
tier3,4 Star,4성,
tier4,5 Star,5성,
ticket,Ticket,티켓,
network ticket,Battle Ticket,배틀 입장권,
local ticket,Challenge Ticket,점령 입장권,
search ticket,Search Ticket,탐색권,
cool time,Cool Time,쿨 타임,
weapon power,Weapon Power,공격력,
critical possibility,Critical Possibility,크리티컬 확률,
critical power,Critical Power,크리티컬 배수,
can not select same weapon,Two of the same kind of weapons can not be equipped.,같은 무기를 두개 이상 장착할 수 없습니다.,
not enough items in same tier,Not enough items in the same tier,같은 등급의 아이템이 부족합니다.,
already registered,The item is already registered.,이미 등록된 아이템입니다.,
not same tier item,It is not an item in the same tier.,같은 등급의 아이템이 아닙니다.,
not good item,It is not a advanced item.,일반 아이템이 아닙니다.,
not enough level 0 5 star,There is 5 star item but they are ranked up. You can select them manually.,5성 아이템이 있지만 강화된 아이템입니다. 재료로 사용하려면 수동으로 선택하세요.,
gray crystal,Gray Crystal,회색 크리스탈,
green crystal,Green Crystal,초록색 크리스탈,
orange crystal,Orange Crystal,주황색 크리스탈,
red crystal,Red Crystal,빨간 크리스탈,
purple crystal,Purple Crystal,보라색 크리스탈,
not enough format,Not enough %s,%s이(가) 부족합니다.,
power,Power,공력력,
weapon interval,Interval,연사 시간,
single damage,Damage,단일 공격력,
mana color,Mana Color,마나색,
hp,HP,체력,
defence,Defence,방어력,
extra defence,Extra defence,추가 방어력,
dodge,Dodge,회피,
gift desc,3 free weapons everyday!,매일 무기 3개 공짜!,
rank up,Enhancement,강화,
rank up description,Only 5 star items can be enhanced.,오직 5성 아이템만 강화가 가능합니다.,
rune rank up description,Rune can be enhanced in Rune menu.,마나석은 마나석 메뉴에서 강화 가능합니다.,
not same rune,You should choose the same rune.,동일한 마나석이 아닙니다.,
rune desc format,Increase [%s][%s][%s],[%s][%s][%s] 증가,
rune info,Rune information,마나석 정보,
new item found,You found a new item!,새로운 아이템을 발견하였습니다.,
new ui found,You found a new UI!,새로운 UI를 발견하였습니다.,
success,Success,성공,
failed,Failed,실패,
7 day dungeon,7 days dungeon,요일 던전,
monday,Monday,월요일,
tuesday,Tuesday,화요일,
wednesday,Wednesday,수요일,
thursday,Thursday,목요일,
friday,Friday,금요일,
saturday,Saturday,토요일,
sunday,Sunday,일요일,
score,Score,점수,
reward,Reward,보상,
main menu,MENU,메인 메뉴,
bag,BAG,가방,
collect,COLLECT,도감,
search,SEARCH,탐색,
dungeon,DUNGEON,요일 던전,
boss,BOSS,보스 던전,
gift,GIFT BOX,선물상자,
armor,ARMOR,아머,
research,RESEARCH,연구,
achievement,ACHIEVEMENT,업적,
attend,ATTEND,출석,
daily reward,Daily Reward,출석 보상,
enter,Enter,입장,
rune,RUNE,마나석,
effect,Effect,효과,
red,Red,붉은색,
yellow,Yellow,노란색,
green,Green,초록색,
blue,Blue,파란색,
post,POST,우편함,
chest,CHEST BOX,보물상자,
,,,
char name 0,Andrew,앤드류,
char name 1,Mike,마이크,
char name 2,Bree,브리,
char name 3,Karl,칼,
char name 4,Dustin,더스틴,
char name 5,Joly,졸리,
char name 6,Karen,카렌,
char name 7,Huanita,후아니타,
char name 8,Nick,닉,
char name 9,Din,딘,
char name 10,Jackson,잭슨,
char name 11,Danny,대니,
char name 12,Ven,벤,
char name 13,Mario,마리오,
char name 14,Anna,안나,
char name 15,HawkEye,매의눈,
char name 16,Jane,제인,
char name 17,Tina,티나,
char name 18,AOKIZI,아오키지,
char name 19,Jimmy,지미,
char name 20,Hermione,헤르미온느,
char name 21,Dary,대리,
char name 22,Godam,고담,
search for broken guns,Search for broken guns,고장난 무기 찾기,
next search,Next search,다음 찾기,
engineer fix,Engineer fix,전문가 수리,
try fix,Try fix,수리 해보기,
pick one,Pick 1 ea,1개 뽑기,
pick ten,Pick 11 ea,11개 뽑기,
unlock at format,Unlock at Level %d,레벨 %d 부터 사용 가능합니다,
starters armor,Starter’s armor,기본 탄창,
starters suitcase,Starter’s suitcase,기본 슈트케이스,
auto targeting title,Auto Targeting,자동 타게팅,
auto targeting desc,Not recommended for an expert,전문가에겐 비추천 기능,
guns,Guns,모든 무기,
time over,Request time over,요청 시간이 초과되었습니다.,
upgrade,UPGRADE,업그레이드,
abilities,ABILITIES,능력치,
life,Life,생명력,
select day,Select day,날짜 선택,
receive,Receive,받기,
receive all,Receive all,모두 받기,
not enough gem,Not enough gems,잼이 모자랍니다.,
not enough search ticket,Not enough search tickets,탐색권이 부족합니다.,
not enough ticket,Not enough tickets,입장권이 부족합니다.,
obtained,Obtained,획득,
faq search rate,Probability for search\n1 Star: 50%\n2 Star: 30%\n3 Star: 10%\n4 Star: 5%\n5 Star: 1%,탐색창의 무기 수리 확률\n1성: 50%\n2성: 30%\n3성: 10%\n4성: 5%\n5성: 1%,
far weapon pick rate,Probability for chest\n1 Star: 58.9%\n2 Star: 30%\n3 Star: 10%\n4 Star: 1%\n5 Star: 0.1%,보물상자의 확률\n1성: 58.9%\n2성: 30%\n3성: 10%\n4성: 1%\n5성: 0.1%,
in tutorial follow guide,Please follow the tutorial. Rewards awaits you in the end.,튜토리얼 가이드를 따라주세요. 마치면 소정의 보상을 드립니다.,
welcome0,Welcome!|Clear the tutorial dungeon`' First.|Get on the warp and activate it!,어서와. 총들고 던전은 처음이지?|먼저 튜토리던 던전을 클리어 해야돼.|제단 위에 서서 워프 해봐.,
welcome1,Don't tell me you don’t know how to interact with UI.| OMG. This is safe place. You can practice here.,뭐?어떻게 조작 하는지 모르겠다구?| 이런. 여긴 안전한 곳이야. 여기서 조작법은 여기서 익혀두는게 좋아.,
welcome2,I stayed up all knight playing Cartoon Craft.,이제 어떻게 하는지는 알겠고. 왜? 막상 들어가려니 겁나?,
welcome3,Argggg.. boring.|Do you want to play Shoot-and-hide with me?|I get to shoot first. OK? No? Alright.,흠. 역시 문지기는 지겹단 말이지.|나랑 총쏘기 놀이 해볼래? 내가 먼저 쏠게. 싫어? 알았어.,
welcome4,If you could clear the dungeon' then I have a story to tell you. Interested?,하~암. 어제 카툰 크래프트 하다가 밤을 샜더니 졸리네.,
knight0,Clear the tutorial dungeons' first.,튜토리얼 던전을 깨고 오라.,
knight1,Don't talk to me anymore.,귀찮으니 더 이상 말걸지 말라.,
knight2,You are now ready to enter the dungeon. Good luck.,이제 던전에 들어가도 좋다. 무운을 비마.,
knight3,Did I not tell you not to talk to me anymore?,귀찮다고 말했을텐데.,
knight4,You are warned.,마지막 경고다. 더 이상의 자비는 없다.,
knight5,I just want to… Never mind.,너님 이러다 혼남.,
readyToEnter0,Are you interested in the story that comes with the princess who is locked in this this dungeon?|Then beat the dungeon. Then come and talk to me again.,튜토리얼 던전을 굳이 클리어한 걸 보니. 이야기에 관심이 있나보구만.|이 던전에는 공주가 갇혀있어. 수천년 전에 갇혀서 아직도 이곳에 남아있지.|이야기가 더 듣고 싶으면 던전을 클리어하고 내게 다시 오게나.,
readyToEnter1,The princess is still here. Being cursed. Not getting old.,아직 공주는 이 던전 안에 갇혀있어. 저주에 걸린 채 말이야. 늙지도 않고 말이지.,
readyToEnter2,Welcome to the HELL. Go talk to the knight. She will let you in.,지옥에 들어갈 준비는 됐나? 고철덩어리 기사한테 가봐. 이제 던전에 들어갈 수 있어.,
sonTalk,Dad!,아빠!,
dadTalk,Bazinga! lol,메롱~,
princessTalk,Give me my stuff!,내 물건들 내놔!,
stageLobby,Stage Lobby,Stage Lobby,
stageArena,Arena,Arena,
stageTypeYourName,Type your name,Type your name,
daryTalk,???,???,
stageTitle-300,Room of proof,Room of proof,
stageTitle-200,Naming room,Naming room,
stageTitle-100,Lesson from the hood,Lesson from the hood,
stageTitle-1,Chamber of the knight,Chamber of the knight,
stageTitle0,Deep dark inside,Deep dark inside,
stageTitle1,Twin brother,Twin brother,
stageTitle2,Small room,Small room,
stageTitle3,Under the hood,Under the hood,
bossTitle0,BAZOOKA MAN,BAZOOKA MAN,
bossTitle1,MACHINE GAN,MACHINE GAN,
bossTitle2,GIANT PIERROT,GIANT PIERROT,
bossTitle3,MYSTeRY HOOD,MYSTeRY HOOD,
tutorial dungeon 0,Welcome to our dungeon.,던전에 오신걸 환영합니다.,
tutorial dungeon 1,Hi. This is Irene. I am your dungeon guide.,안녕하세요. 전 던전 안내를 맡고 있는 아이린이라고 해요.,
tutorial dungeon 2,I have no doubt about you being aware of this dungeon.,저희 데일리 던전 소문은 많이 들어보셨죠?,
tutorial dungeon 3,But since you are new here` please let me guide you in my way.,그래도 처음 오셨으니 자세히 설명 드릴께요.,
tutorial dungeon 4,Lots of heroes challenged this dungeon and failed.,저희 던전이 난이도가 조금 있는 편이라 많은 용사님들께서 중간에 포시하는 경우가 많아요.,
tutorial dungeon 5,That is why we created a tutorial dungeon!,그래서 준비한 튜토리얼 던전!,
tutorial dungeon 6,To beat Bazooka man the first boss` you may want to get used to how to shoot and jump.,여기서 컨트롤에 대한 부분을 잘 숙지 하셔야 첫 번째 보스인 바주카맨을 잡을 수 있어요.,
tutorial dungeon 7,I really want to guide you and let you know more about me.. no dungeon.,아직 가르쳐 드릴게 많지만 지금은 튜토리얼 던전을 클리어 하는게 우선이에요.,
tutorial dungeon 8,But first things first. Beat the tutorial dungeon and come to me again please.,화살표를 따라서 튜토리얼 던전에 입장해주세요.,
tutorial menu 0,Congrats! I knew you would make it.,축하드립니다! 튜토리얼 던전을 클리어 하셨군요.,
tutorial menu 1,Good looking is not the only thing you have after all.,이번 용사님은 멋진 외모만큼이나 실력있는 분 같아요!,
tutorial menu 2,Please let me continue to enjoy your thrilling actions.,앞으로의 활약이 기대되는데요?,
tutorial menu 3,I believe you are ready to enter the main dungeon.,이제 메인 던전에 입장할 수 있게 되었어요.,
tutorial menu 4,However` there is no harm to get you one more horn in your dragon head.,하지만 그 전에 무기를 강화할 필요가 있을 것 같네요.,
tutorial menu 5,Your default gun` the pistol` has no limitation on recharging your bullets.,신의 컨트롤을 가지고 계시다면 소지하고 계신 무한딱총으로도 보스를 잡을 수가 있습니다.,
tutorial menu 6,Other weapons have the limitation but powerful.,그래도 좋은 무기를 가지고 시작하면 조금 더 수월하겠죠?,
tutorial menu 7,You can obtain weapons and other items in various ways.,무기는 여러가지 방법으로 얻을 수 있어요.,
tutorial menu 8,In gift menu` you can get free stuffs everyday. Why don’t you try it?,선물상자에서는 매일 공짜로 무기를 얻을 수 있어요. 한 번 눌러볼까요?,
tutorial menu 9,Sweat boy` shall we grab the weapon?,잘하셨어요. 이제 얻은 무기를 장착 해볼까요?,
tutorial menu 10,I see you shining in better armor. Let’s try your new weapons in Battle menu.,이제 조금은 준비가 된 것 같아요. 하지만 그 전에 장착한 무기들의 성능을 시험해볼까요?,
tutorial menu 11,Here you can enjoy Avatar Challenge and Network Battle.,배틀 메뉴에서는 아바타 점령전과 네트워크 대전을 즐길 수 있어요.,
tutorial menu 12,Hmm… It is a little bit early to try the network. Let’s do the avatar to test your new weapons.,아직 네트워크 대전을 시작하기는 조금 이른 것 같아요. 아바타 점령전에서 장착한 무기의 성능을 시험해 보는게 좋겠어요.,
tutorial after battle 0,Wow! That was awesome. I can’t wait to see you beat the main dungeon.,와우! 첫 승리네요. 이제 메인 던전에 도전해 볼 수 있겠어요!,
tutorial after battle 1,I wish I can stay with you. But other hero has arrived.,더 가르쳐드리고 싶은게 많지만 다른 용사님들이 기다리고 있어서 저는 이만 가볼께요.,
tutorial after battle 2,I hope the next hero would be as cool as you are.,다음 용사님도 이번 용사님처럼 멋진 분이면 좋겠어요.,
tutorial after battle 3,I guess I am done here. I will look forward to see you again.,저는 이만 가볼게요. 다시 뵐 수 있길 기대할게요.,
tutorial after battle 4,How to see me? Oh` I bring you the stuffs you buy in the shop!,아` 상점에서 물건을 구입하시면 저를 다시 볼 수 있을거에요!,
tutorial after battle 5,So long` sweaty.,그럼 안녕~!,
tutorial complete,Tutorial complete!,튜토리얼 완료!,
tutorialTitle0,Run and jump,Run and jump,
tutorialTitle1,Jump and jump,Jump and jump,
tutorialTitle2,Don’t touch,Don’t touch,
tutorialTitle3,Invulnerable moment,Invulnerable moment,
tutorialTitle4,Shoot for your life,Shoot for your life,
tutorialTitle5,Suitcase and key,Suitcase and key,
tutorialTitle6,Don't die Don’t die,Don't die Don’t die,
tutorial0,Jump over the spike and hop on the warp.,가시를 잘 피해서 다음 던전으로 워프해봐.,
tutorial1,One more jump is allowed in the air. Called ‘Tumbling’.|Try and see what you can do with it.,점프한 후에 공중에서 한 번 더 점프를 할 수 있어.|텀블링이라고도 하지. 한 번 해봐. 꽤 많은 일들을 할 수 있다고!,
tutorial2,You may not want to touch the flying spike. Or do you?|That thing was not red at the beginning. Don’t make them redder.,저기 날아다니는 시뻘건 것들이 보일꺼야. 만지지 않는게 좋아.|괜히 빨간게 아니라구. 더 빨갛게 만들지 않길 바라.,
tutorial3,Jumping in the air is interesting. You can be invulnerable until you touch the ground. |This will save your life' Well.. sometimes.,공중에서 점프를 하는 건 꽤 즐거운 일이지?|그것 뿐만이 아니야. 텀블링 중에는 무적상태이니 데미지 입을 걱정은 없어.|화면 가득찬 총알들을 탈출할 수 있는 유일한 기술이니 잘 활용해야 해.,
tutorial4,There are some dummies. Shoot to get rid of it.|But don’t try to touch it. They also are cursed. You will get hurt.,저기 허수아비들이 보일꺼야. 쏴서 없애버려!|저주에 걸린 녀석들이니 건들지는 않는 게 좋을꺼야.,
tutorial5,The suitcase has an item to help you survive longer! You will need a blue dragon key to open.,수트케이스에는 좋은 게 들어있어. 던전에서 살아남는데 아주 유용할꺼야.|물론 잠겨있지! 열쇠? 맞아. 파란 용 모양의 열쇠가 있으면 열 수 있어.,
tutorial6,This is real! Try not to die.|Because I have to clean yours up. Don’t make me do chores.,이제 마지막 테스트야! 살아남아서 이 방에서 나가주렴.|여기서 죽으면 내가 또 다 치워야되니까 말이야. 여기까지 온 이상 널 응원해주겠어!,
seller0,Look at the sign.,오빠야~ 구경 안하고 가나?,
seller1,Does it say I give a damn?,쌔깐한 거 윽수로 많테이~,
seller2,No.,퍼득 들으와바라~,
seller3,That’s because I don’t.,안산다꼬?,
seller4,Buy or get out.,그라지말고. 하나만 사봐라 옵빠야.,
itemDescriptionKey,A blue dragon key that you can open the beautiful suit case.,수트케이스를 열 수 있는 파란 용 모양의 열쇠.,
itemDescriptionAmmo,Out of bullets? Take this!,현재 장착한 총의 탄창을 최대치로 채워준다.,
itemDescriptionHeart,You must need this. Unless you are already dead.,살아있음을 증명하는 하트.,
itemDescriptionDragonBaby,The dragon will help you.|It’s a baby.,어린 용. 불을 뿜는다.,
itemDescriptionDragonAdolescent,A bit more powerful than a baby dragon.,어린 용보다 조금 더 강력한 불을 뿜는다.,
itemDescriptionDragonAdult,This dragon makes some decent deals. You may wanna take it.,꽤 강력한 불을 뿜는 용.,
itemDescriptionDragonSenior,With this dragon you don’t have to fire! Just dodge the balls.,왠만한 무기보다 강력한 화력을 자랑하는 용.,
shieldName0,WOOD S.,나무 방패,
shieldName1,NEWBIE S.,훈련병의 방패,
shieldName2,CIVILIAN S.,민방위의 방패,
shieldName3,INDIAN S.,인디언 방패,
shieldName4,SQUAD.C. S.,분대장의 방패,
shieldName5,STEEL S.,철 방패,
shieldName6,GUARDIAN S.,수호대의 방해,
shieldName7,IRON S.,강철 방패,
shieldName8,RED S.,붉은 방패,
shieldName9,GOLD S.,황금 방패,
shieldName10,GREEN S.,초록 방패,
shieldName11,BLUE S.,푸른 방패,
shieldName12,KNIGHT S.,기사의 방패,
shieldName13,PALADIN S.,팔라딘의 방패,
shieldName14,LANCER S.,랜서의 방패,
shieldName15,TANKER S.,탱커의 방패,
shieldName16,VEGAS S.,베가스의 방패,
shieldName17,PHOENIX S.,피닉스 방패,
shieldName18,JUDGE’S S.,심판의 방패,
shieldName19,MEDUSA S.,메두사 방패,
shieldDesc0,A wood shield is only for practice. Not for the real war. But it is still better than nothing.,연습용 나무 방패. 전장에서 사용하기엔 적합하지 않지만 없는 것 보다 낫다.,
shieldDesc1,Indian’s shield is very light and hard enough to block the bullet.,나무로 만들었지만 먼거리의 총알 정도는 막아낼 수 있는 견고한 인디언들의 방패,
shieldDesc2,Steel shield is very heavy and firm.,매우 무겁지만 견고한 강철 방패.,
shieldDesc3,Red shield is for elite soldiers in the front line.,전선에 있는 정예병들이 사용하는 방패.,
shieldDesc4,Blue shield is for elite soldiers in the kingdom.,성벽 수비병들이 사용하는 방패.,
shieldDesc5,Green shield is for elite soldiers in the palace.,성내 수비병들이 사용하는 방패.,
shieldDesc6,Golden shield is lighter than Steel shield but more durable.,강철보다 가볍지만 더 견고한 황금방패.,
shieldDesc7,Paladin’s shield is for the elite soldiers who protect the king.,왕을 지키는 병사들이 사용하는 방패.,
weaponName0,PISTOL,딱총,
weaponName1,MAGNUM,매그넘,
weaponName2,UZI,우지,
weaponName3,RIFLE,라이플,
weaponName4,FIRE BOTTLER,화염병,
weaponName5,ANTI BAT,박쥐킬러,
weaponName6,SNIPER RIFLE,스나이퍼 라이플,
weaponName7,RIFLE_GRENADE,수류탄 라이플,
weaponName8,CROSS BOW,서꿍,
weaponName9,MACHINE GUN,따발총,
weaponName10,STRIKER,스트라이커,
weaponName11,NINJA KNIFE,수리검,
weaponName12,BALL SHOOTER,베이스볼 머신,
weaponName13,FLAME THROWER,화염방사기,
weaponName14,ROCKET LAUNCHER,로켓포,
weaponName15,BAZOOKA,바주카,
weaponName16,MATT A4,매트 A4,
weaponName17,LASER GUN,레이저 건,
weaponName18,ENERGY GUN,에너지 건,
weaponName19,G.R.L,유도탄총,
weaponName20,SLUGGER,슬러거,
weaponName21,DRAGON RIFLE,드래곤 라이플,
weaponName22,SHARK GUN,상어총,
weaponName23,SLUGGER NG,슬러거 NG,
weaponName24,LIGHTNING GUN,라이트닝 건,
weaponName25,LASER COIN,레이저 동전,
weaponDesc0,The true treasure that has an unlimited ammo. Only weak.,얕보지 마라. 무한이다.,
weaponDesc1,Small but powerful.,작지만 강력한 총.,
weaponDesc2,One hand machine gun. You will like it.,사거리가 짧지만 연사가 가능하다.,
weaponDesc3,You want powerful thing? Here it is.,권총과 비교 불가한 사거리를 자랑한다.,
weaponDesc4,Damage still can be made without a gun.,민간에서 제작 가능한 무기.,
weaponDesc5,This was helpful when you can only shoot at forward. You know what I mean?,한 번에 두 방향으로 쏠 수 있다.,
weaponDesc6,Singers use this. Take this and be a sniper!,스나이퍼들이 애용하는 총.,
weaponDesc7,Grenade. I never thought you can shoot it.,수류탄과 같은 화력의 폭탄을 발사한다.,
weaponDesc8,Classic but crucial.,소리없이 사냥하기에 좋은 무기.,
weaponDesc9,A machine gun. No more description needed.,강력하고 확실한 머신건. 라이플과 다르게 1분 이상 연사해도 총열에 무리가 가지 않는다.,
weaponDesc10,Light' fast and crucial. This is the one.,스트라이커를 위해 개발된 총.,
weaponDesc11,Japanese guys made this. I never tried it. Will you?,닌자의 수리검을 발사한다.,
weaponDesc12,Do you like baseball? Hhh…,야구공 머신을 개조해서 머신건으로 만들었다.,
weaponDesc13,Call a fire fighter! This man.. nah.. it’s no funny.,강철도 녹일 정도의 높은 온도의 화염을 뿜는다.,
weaponDesc14,This is a gun for man. Take this.,미사일을 발사한다.,
weaponDesc15,This is really really a gun for man. Real really.,저팔계가 즐겨 사용하는 무기. 장갑차도 뒤집을 만큼의 화력을 가진 무기.,
weaponDesc16,A lab tried to make a brand new weapon but failed. This is the result. Now brilliant but still good.,강력한 차세대 무기 개발의 결과. 실패작이지만 강력한 화력.,
weaponDesc17,A laser! A laser! beam! beam!,빛을 이용한 무기. 강력한 고열로 무엇이든 녹일 수 있는 빔.,
weaponDesc18,Nobody knows what it is. Please figure it out and tell me.,양자 에너지를 무기화 하여 만들어진 무기. 무엇이든 관통한다.,
weaponDesc19,This is no fair. A missile that tracks the target. Where is the fun?,유도 기능이 장착된 로켓을 발사하는 무기.,
weaponDesc20,Sluggers might like these. Cause’s cool!,최대의 데미지를 위해 총알에 염산을 넣었다.,
weaponDesc21,The best weapon in the world… well. At least 2 years ago.,드래곤의 브래스를 압축해서 만들었다는 무기.,
weaponDesc22,Sluggers don’t satisfy with a oneway missile.,슬러거를 무리하게 개조해서 만든 무기.,
weaponDesc23,Zeus’s  power is now in a human’s hand.,제우스의 힘을 봉인 했다는 무기. 고대 유물이라 제우스가 사용하던 무기라는 소문도 있다.,
weaponDesc24,High techy techy. Try this. It’s awesome. Don’t hit the target!,대량 살상을 위한 무기. 빗겨쏘아야 진정한 데미지가 전해진다.,
weaponDesc25,Laser beam from the old mysterious coin.,신비한 유물 중 하나. 신의 얼굴이 새겨져 있는 동전. 소지자의 의지에 따라 알 수 없는 에너지의 파장으로 무엇이든 파괴한다.,
story0,What? You beat the dungeon?|I can hardly believe!|It’s been a long time since I saw the last one.|You don’t think you are the only hero who beat the dungeon' do you?|Many of heroes in the history beat this dungeon.|Did any of them find the princess?|No. None of them was lucky enough to see the princess.|Why? Hmm… I see you are interested in the story.|Then do me a favour. And I will tell you the rest of the story.|There is a jewelry box in the boss room.|Open the box and get me the princess’s belongings.|Don’t break it.,뭐라구? 던전을 클리어 했단말이야?|믿을 수 없군!|정말 오랜만이군. 이 던전을 클리어 한 사람을 본 건.|자내가 이 던전을 클리어한 유일한 사람은 아니라는 얘기야.|하지만 정말 대단하군. 쉽지 않았을텐데.|응? 던전을 클리어 했던 사람이 공주를 찾았냐고?|아니. 안타깝게도 아무도 공주를 찾지는 못했어.|왜냐구? 흠. 이야기가 재밌나보구만.|그럼 부탁하나만 들어주렴. 그럼 나머지 이야기도 들려주마.|보스룸에는 보석상자가 하나씩 있단다.|상자를 열고 공주의 물건들을 나에게 가져다주렴.|잘 깨지는 물건이니 조심히 가져오고.,
story1,Oh! You found the mirror!|Good boy! As a prize' I will give you the story.|This mirror is the princess’s favorite item.|What princess? Oh' I didn’t tell you.| Alright. Let me see. Where to start..|Yes! That would be appropriate.|This story is about this dungeon.|Once upon a time' there was a princess who was really really really beautiful.|But she was the only princess who was pretty.|So all the prince were desperate to marry a princess because they can have more power.|Even though she was ugly.|Why were princesses ugly? Who knows.|Somebody told me it was the curse from 1'000 years ago.|And the curse was weekend by time goes by.|Anyway' one night' one spooky night' she was kidnapped by goblins and locked in this dungeon.|And the pretty princess was attractive enough to make all the prince in every kingdom to challenge this dungeon.|The result? No one made it.|Except one. Oooh! I am dying to tell you who is the one. But later.|I talked too much. I might need another princess’s belongings to continue the story.|Don’t be shocked it won’t be the last one. You will be doing this a few more time.|The belongings are always in the boss room.|Then.. good luck!,오! 자네 거울을 찾았구만!|잘했네! 그럼 약속한데로 이야기를 들려주지.|이 거울은 공주가 가장 아끼는 물건이야.|아참. 내 정신 좀 봐. 공주에 대해 얘기해준다는 걸 깜빡했군.|어디서부터 이야기를 풀어나가야 할까..|그래! 그게 좋겠구만.|이 던전에 대해서 먼저 이야기 해줘야겠구만.|옛날 옛적 아무 겁나 머~언 옛날에 말이야. 정말정말정말 아름다운 공주가 살고 있었어요.|그 공주가 세상에서 유일하게 아름다운 공주였지.|그 시대의 다른 공주들은 모두 못생겼었어. 미모를 가꿀 생각조차 하지 않았지. |왜냐하면 굳이 아름답지 않아도 공주와 결혼하면 더 큰 권력을 얻게 되기에 왕자들은 외모와 관계 없이 공주들과 결혼을 하고 싶어했으니까 말이야.|공주들이 못생겨진 건 천년전의 못된 여왕의 저주라는 말도 있어. 그리고 시간이 지나 그 저주가 약해지면서 처음으로 아름다운 공주가 태어나게 된거지.|아무튼. 그러던 어느 날이었어. 어느 날 밤에. 아주 음산한 밤에. 갑자기 고블린들이 나타나 공주를 납치하고는 이 던전에 가두었어.|그 사실이 알려지자 각국의 모든 왕자들은 공주를 구하기 위해 이 던전에 뛰어들었지.|결과는 어땠냐구?|대부분 실패했지.|하지만 단 한 명! 그래그래! 단 한 명 성공한 사람이 있었어!|그게 누구냐구? 그래그래 나도 정말 그 사람이 누군지 자네에게 알려주고 싶어!|하지만 내가 너무 많이 떠들었지?|이쯤에서 공주의 다른 물건을 하나 더 구해오면 나머지 이야기를 들려주도록 하지.|공주의 물건은 언제나 보스의 방에 있다네. 그럼 수고하게나.,
story2,You made it once again!|Tiara. Congrats. And here is the story.|This is about the goblins who kidnapped the princess.|Goblins like pretty human females.|But not that much to risk their lives.|Then why did they kidnap her?|Because of all the golds and jewels she owned.|Goblins value gold above their lives.|She owns a lot of valuable stuffs from the every prince in every kingdom.|So goblins was stealing the stuffs in her room. And she woke up.|She was just a bonus to them.|They are still hiding her stuff in the safe places like boss rooms.|So that means goblins are still making more bosses. Please be waiting for them.|What? Goblins are pierrot? No' no' no.|That is another story. I might need.. another..|Alright' I will tell you a little bit more. So don’t die in the next mission.|I need to collect all the princess’s belongings.|Hmm! Where was I..? |Right! Goblins are not pierrot. You can hardly find goblin.|Because they are sneaky and chicken. They can feel the danger and hide like a rat.|I will tell you about the pierrot after this goblin story.|This dungeon is a huge maze. And it is really complicated.|Actually' all the prince didn’t even see the end of the dungeon.|They are trained to fight since the first walk. So it is nonsense if they were killed by goblins or pierrot.|They just got lost in the dungeon.|Then how do goblins live here? Good question.(If you asked)|Are goblins smart enough to remember all the path? No.|They are stupid enough to forget their own names.|BTW' what is your name? My name is secret. Haha.|There are a tons of goblins here. They are every where.|You might heard the stick sound in the dungeon.|Listen carefully' you can hear them' right now.|That is from goblins.|They communicate with the stick sound so that they can go to the right way.|They are not smart enough to come up with that idea.|There must be a leader who taught them to do it.|Anyway it is time for you to get more stuff.|What? Don’t look at me like that. Information is gold.|Didn’t your teacher tell you that?,또 한 번 성공했구만! 이 번엔 티아라군. 고맙네. 그럼 이야기를 시작해볼까?|지난 번 하던 이야기를 마저 하려면 고블린에 대해서 알아야 해. 그러니 이번엔 고블린에 대한 얘기를 해줄께.|고블린들은 예쁜 인간 여자들을 좋아해.|하지만 목숨을 걸 정도로 좋아하진 않아.|그런데 왜 목숨을 걸고 성까지 쳐들어가서 공주를 납치했을까?|왜냐하면 공주의 물건들 때문이야.|고블린들을 금과 보석을 그 들의 목숨보다 소중하게 여기거든.|그리고 공주는 각국의 왕자들에게 선물받은 귀중한 보석을 아주 많이 가지고 있었어.|그래서 고블린들은 공주가 잠들었을 때 공주의 방에서 보석들을 훔치고 있었던게야.|그러다 공주가 깨어나고 말았지.|그래서 고블린들이 어떻게 했냐고? 그야 당연히 기절시켜서 납치했지.|무거운 보석상자들도 옮기는데 사람 한 명 더 훔치는 건 그리 어려운 일이 아니었어.|던전으로 돌아온 고블린들은 그 보석들을 안전한 곳에 숨겨두었어. 가장 안전한 곳은 보스의 방이지.|그럼 그 피에로들이 고블린이냐구? 아니아니. 그건 아니야.|다음에 얘기해줄까 했는데 너무 야박하게 굴면 또 안되니까. 좀 더 얘기해주지.|나도 인심 쓰는거니깐 다음 던전도 성공해서 공주의 물건을 가져다 달라구.|난 공주의 물건을 다 모아야 하니까. 어험.|어디까지 이야기했더라.. 그래. 고블린은 피에로가 아니야.|고블린들을 찾는 건 쉬운 일이 아니지.|그들은 겁이 많고 날쌔서 쥐새끼 처럼 숨어다니지.|피에로 이야기는 고블린에 대한 이야기가 모두 끝나고 해주지.|이 던전은 거대한 미로와도 같아. 엄청나게 복잡하지.|던전에 찾아온 대부분의 왕자들이 다시는 나오지 못한것도 그것 때문이야.|걸음마가 시작될 무렵부터 수련을 시작한 왕자들이 던전에서 모두 고블린이나 피에로에게 당했다는 건 억측이지.|그들은 그냥 던전에서 길을 잃었을 뿐이야.|그럼 고블린들은 어떻게 여기서 살고 있냐고? 좋은 질문이야!|고블린들이 똑똑해서 이 길을 다 외우고 있냐고?|아니야. 그들은 그 들의 이름조차 잊을 정도로 기억력이 좋지 않아.|그나저나 자네 이름은 뭔가? 내 이름은 비밀이라네ㅋㅋ|아무튼 이곳에는 고블린들이 아주 많이 있어.|그들은 모든 던전에 곳곳에 배치되어 있지. 아마 던전에서 막대기 두드리는 소리를 들은 적이 있을꺼야. 지금도 잘 들어보면.. 들리지?|고블린들이 내는 소리야.|그들을 막대기 소리를 듣고 원하는 곳으로 이동할 수 있지.|고블린들은 이런 고상한 방법을 떠올릴만큼 똑똑하지도 않아. 분명 그 뒤에 고블린들을 조정하고 있는 리더가 있을꺼야. 그 리더가 가르친게지.|이제 또 다른 공주의 물건을 가져올 시간이야.|그런 눈으로 쳐다보지 말게. 정보는 금과 같다고 하지 않나?,
story3,Can’t believe you made it!|I thought you were gonna die this time. But.. you didn’t! Congrats!|What have you found? A shoe! The glass shoe!|Goblins stole them to sniff the awful smell.|You know pretty girls also stink' right?|I am serious.|I already told you about the goblins.|I am going to tell you about the pierrot.|There was a pierrot who adore the pretty princess.|Sounds familiar?|But he was a pierrot. Not a prince.|So he would never have a chance to talk to her.|Although' he was genius.|He came up with an idea that he can meet.. no' have her.|Kidnapping!|Then he is the goblin? No! I told you he is not!|Sorry' I yelled.|He was luckily rich. Because he was doing his job very well.|He hired the best architect and made him to build a huge maze. Yes' this dungeon.|And locked him in the dungeon to keep the maze mystery.|He should have killed him. But he has no guts to kill a man.|Anyway the real problem was how to kidnap the princess.|He was not a perfect genius to prepare the kidnapping plan before the maze completed.|He left the dungeon for a few days to hire a wizard. He was going to turn the princess into a frog and then kidnap it or her.. what ever!|But when he arrived at the dungeon with a wizard' he was able to witness the goblins taking the princess into the dungeon.|And when he entered the dungeon' he realised the dungeon did not belong to him anymore.|But everything was in the right position.|The princess was locked in the dungeon. He knew how to break in and out.|If he rescued her from the dungeon' he would be the hero and marry the princess!|It looked like a perfect plan. And it was!|Until the guy showed up.|Who is the guy? huhuhu…|Let me have one more the belongings.,믿을 수가 없구만. 또 해낸건가?|이 번엔 보스 잡다가 돌아가실 줄 알았는데.. 내가 틀렸네? 살았네? 축하하네!끌끌끌|그래 무엇을 찾아냈는가? 오! 구두구만. 유리구두!|유리구두는 보석은 아니었지만 고블린 들이 지독한 발냄새를 맡기 위해서 훔쳤다네.|고블린들은 악취를 좋아하지. 공주 발냄새도 말이야.|공주들도 발냄새 난다는 것쯤은 자네도 알고있지?|장난이 아니라네.|그럼 이제 고블린에 대해서는 이야기 해줬고. 피에로에 대한 이야기가 남았구만.|아름다운 공주를 흠모하던 피에로가 있었지. 어디서 들어본 것 같다구? 그럴리가.|아무튼 그 피에로는 공주와는 이루어질 수 없는 신분이었지.|그에게는 공주와 이야기 해볼 기회조차 주어지지 않았어.|하지만 그는 천재였지!|그는 공주와 얘기할 수 있는 방법을. 아니 그녀를 가질 수 있는 방법을 떠올린거야!|바로 납치였지!|그럼 그가 고블린이냐구?|이 친구 성질 급하기는. 아니야 아니야.|그는 다행히도 부자였어. 머리가 좋아서 돈도 잘 벌었거든.|그는 최고의 건축가를 고용해서 이 거대한 미로를 만들었어.|바로 이 던전을 말이지.|그리고는 미로의 비밀이 새어나가지 않게 그 건축가도 이 던전에 가두어버렸지.|하지만 죽이지는 않았어. 사람을 죽일만큼 나쁜 사람은 아니었거든.|어쨌든 이제 문제는 공주를 어떻게 납치하는가 이건데.|천재도 실수를 하는지 어떻게 공주를 납치 할지는 생각해두지 않았던거야.|잠시 고민하던 피에로는 마법사를 고용해서 공주를 개구리로 만들어 납치를 하기로 했어.|하지만 그가 마법사를 고용해서 던전에 돌아왔을 때 고블린들이 공주를 납치해서 던전으로 들어가는 걸 봤어!그리고 고블린들을 따라 던전으로 들어갔을 때 피에로는 알아차렸지.|이 던전은 더 이상 내 것이 아니구나. 하고 말이야.|바로 고블린들이 던전을 점령하고 있었던 거야.|하지만 모든 건 완벽했어. 던전은 완성되었고 공주도 이 던전으로 납치됐지.|미로를 잘 알고 있는 피에로는 공주를 구해서 밖으로 나가기만 하면 되는거였어.|공주를 구한 영웅이 되어 공주와 결혼을 하게 되는거지!|완벽한 계획 같았어. 정말이야. 며칠뒤에 공주를 구한 사람은 공주와 결혼할 수 있다는 왕의 전언도 있었거든.|하지만 그 남자가 나타나면서 이야기는 달라지기 시작했지.|그 남자가 누구냐구? 그건 다음 물건을 받은 뒤에 이야기해주지.,
story4,Finally! This is the last stuff.|The ring! Nice. It has a sapphire on it. I like Sapphire.|Alright. A few days later' the pierrot decided to break in the dungeon at night.|At that night' when he started to break in the dungeon' a guy showed up.|And he could recognized the guy. It was the wizard.|The wizard he hired to turn the princess into a frog. |He left the guy in the dungeon full of goblins when they visited this dungeon for the first time.|So he believed the guy was dead. But he was alive and in front of his eyes.|Even before the pierrot spitted the word ‘Sorry’' the wizard spelled a magic.. no a curse on him.|The pierrot was tore apart into thousands of pieces and each of them tuned into a monsters that looked just like the pierrot.|Some monsters have 4 legs or 0. Some of them has three eyes.|Anyway' the pierrot was stuck in the dungeon being cursed. The princess was still waiting for a hero to save her.|It looked like the wizard was the only one who could rescue the princess.|But he was wrong. There was another guy.|The guy who trained goblins to communicate in the maze.|Who do you think he is?|He was the architect the pierrot hired to build the dungeon.|He planed the whole thing since he was offered to build the dungeon.|But' all the sudden' he said this to the wizard.|’I am your father’|What?|YES!|He was the wizard’s father. The architect also is a wizard. He trained his own son a long time ago.|Father said he planed whole thing to help his son. And he cursed the princess and…|And before he finished his sentence' Son got angry about the princess was cursed. So he spell on his own father.|Now' aren’t you curious about who the wizard is and where he is?|Well.. Oooh! This is my favorite part! Every hero who heard this all went like ‘Wh~~~at?’|And that was hilarious.|Okey here it goes. The wizard is who you are looking at right now.|Surprised huh? No? Why aren’t you surprised?|What? Are you asking me if I kill my father?|No. I am not a monster. Did you meet the giant hood in the dungeon? That was him.|More question? What happened to every hero who heard this story?|Were you able to find the pierrot that is very tall?|Well. That is that.|You have so many questions. What is it? Why am I still here?|Actually' I was the first prince who entered this dungeon.|Yes' I am also a prince. The only prince in the Noson kingdom.|When I entered this dungeon. I figured out this dungeon is out of my boundary.|So I waited for the other challenger to rescue the princess.|I was going to kill the other challenger right before he rescue the princess.|But I wasted my time. A few more prince entered the dungeon. But no one made it.|So I gave up and left the dungeon. Heading to the nearest bar to drink some beer.|Then the pierrot was approached me and told me about the dungeon.|So I came up with a new plan to use the pierrot to rescue the princess and steal her form him.|But that bastard pushed me into this dungeon.|Luckily I am a wizard. My father taught me well.|No' not the king. The father I cursed. The king is my stepdad.|The king of Noson kingdom adopted me after he saw me spell a magic.|I think my real father tried to help me to get the princess easier.|But I don’t need him. He have never trusted me enough.|He was always like that. I hate that. That is why I got angry with him.|What? You have other question? Alright. This is the last one.|BTW' do you realize I am about to curse you?|Alright' the last question. What is it?|Why do I collect the princess’s belongings? Good question.|My sneaky father knew that the pierrot was going to approach me. So he made a goblin deliver a message.|Right after I cursed my dad' a goblin handed me a note that says|'Collect her belongings and she will show up.'|So that is why. And no more questions!|Now I have all her belongings. So she will show up.|And you are now ready to d...,드디어 마지막 물건이구만! 사파이어가 박힌 반지.|그럼 이야기를 계속해볼까?|고블린이 공주를 납치하고 며칠 후에 피에로는 던전에 들어갔지.|시간은 밤이었어. 던전에 들어가려는 순간 그 남자가 나타났지.|피에로는 단 번에 그가 누구인지 알 수 있었어. 바로 그가 고용했던 마법사였지.|사실 피에로는 비밀이 새어나가는 걸 막기 위해서 마법사와 같이 던전 깊은 곳에 들어가서.|혼자만 던전을 빠져나왔어. 마법사가 길을 잃고 영영 나오지 못하길 바라면서 말이야.|며칠이 지나서 마법사는 아마 굶어 죽었겠거니 생각했는데. 그런 그가 눈앞에 나타난거야!|피에로가 미안하다는 말을 채 꺼내기도 전에 마법사는 피에로에게 주문을 걸었어!|끔찍한 저주와도 같은 주문이었지.|피에로는 수천개의 조각으로 찢어졌고 그 조각 하나하나는 피에로 모습을 한 몬스터로 변했어.|어떤 몬스터는 다리가 4개인 것도 있었고 다리가 아예 없는 것도 있었지.|어떤 몬스터는 눈이 세 개나 있었고. 또 한 개만 있는 것도 있었어.|어찌됐든 피에로는 괴물이 되어 던전에 갖혀버렸어.|피에로를 제거한 마법사는 본인이 공주를 구할 수 있다고 생각했어.|하지만 섣부른 생각이었지.|던전에는 또 한 남자가 있었어. 바로 고블린을 훈련시킨 사람 말이야.|누구일 것 같니? 맞아! 바로 그 건축가야. 이 던전을 만든 건축가 말이야.|사실 그 건축가는 처음부터 계획했던 거야.|고블린의 공주 납치까지 모두 그 건축가의 계획이었지.|그런데 갑자기 마법사 앞에 나타난 건축가는 이상한 말을 했어.|’암 여 빠더’|맞아! 그 건축가가 바로 마법사의 아버지였어.|그 건축가는 마법사로도 명성이 자자했지. 오래전에 아들에게 마법을 가르쳐준 것도 바로 그 사람이었어.|그는 아들을 공주와 결혼시키기 위해 모든 걸 준비했다고 했지. 그래서 공주에게도 저주를 걸어두었다고 말했어.|헌데 아버지의 말이 끝나기도 전에 공주에게 저주를 걸었다는 말에 화가난 아들은 아버지에게 저주를 걸었어!|이쯤되면 궁금하겠지? 그 아들. 그 마법사는 누구인지? 어디에 있는지 말이야.|난 이 부분이 제일 좋아! 이 얘기를 들은 왕자들은 모두 ‘뭐라구~?’ 라며 놀라곤 했지.|언제봐도 그 표정들이 재밌단 말이야.|궁금하지? 알려줄께. 바로 너의 눈 앞에 있는 사람이야!|놀랐지? 안놀랐어? 왜 안놀라지?|뭐? 내가 아빠를 죽였냐고? 아니야. 그럴리가. 나도 사람이라구.|반지를 가지고 있던 큰 후드입은 마법사가 바로 내 아빠야.|후드를 벗을 수 없는 저주를 걸어두었지.|이 이야기를 들었던 왕자들은 어떻게 됐냐고?|던전에서 키 큰 피에로들을 보았지? 피에로가 저주에 걸려서 만들어진 몬스터 중에 그렇게 긴허리를 가진 피에로는 없었어.끌끌끌.|너 참 질문이 많구나. 또 무슨 질문이니?|난 여기서 뭐하고 있냐고?|사실 내가 이 던전에 들어온 첫 번째 왕자야. 그래! 나도 왕자야.|노손 왕국의 유일한 왕자이자 최고의 마법사지.|내가 처음 이 던전에 들어왔을 때 한 번에 알 수 있었어.|난 이 던전을 들어가면 나올 수 없다는 걸 직감할 수 있었지.|내가 또 이름난 길치거든.|그래서 다른 왕자들이 공주를 구하기를 기다렸어.|그리고 그 왕자에게서 공주를 빼앗을 생각이었지.|그런데 시간 낭비였어.|몇명 왕자들이 들어오긴 했지만 공주를 구하기는 커녕 던전에 들어가서 돌아오지도 못했지.|그래서 그냥 돌아갔어. 근처 바에서 맥주나 한 잔하고 있는데 피에로가 나에게 다가와 그 던전에 대해 말하는게 아니겠어?|그래서 새로운 계획을 세웠지.|피에로가 공주를 구하게 한 뒤 그 피에로에게서 공주를 빼앗는 것으로 말이야!|그런데 그 멍청이가 나를 이 던전에 버리고 가버렸어.|하지만 아버지가 날 잘 가르쳐줘서 훌륭하게 자란 이 마법사가 그 정도로 당할리 없지.|아니야. 왕이 가르쳐준게 아니야. 내가 저주를 건 그 아빠 말이야.|왕은 날 입양했어. 친아빠는 큰 후드를 쓴 그 사람이야.|아빠는 내가 공주를 구하는걸 도와주려고 했어. 하지만 난 그의 도움따위는 필요없어!|난 아빠랑 살고 싶었다구. 왕자 따위가 되고 싶던게 아니야!|그게 내가 아빠에게 화난 진짜 이유야.|뭐? 또 질문이 있다구? 넌 정말 질리지도 않나보구나.|그래. 하지만 이게 마지막이야!|근데 너 지금 내가 널 그 키큰 피에로로 만드는 저주를 퍼부을 거라는 걸 알고 있는거지?|그래 질문이 뭐야? 왜 내가 공주의 물건을 모으고 있냐구? 좋은 질문이야!|능글맞은 우리 아빠는 피에로가 나에게 접근하리라는 것도 알고 있었어.|그리고 내가 그에게 저주을 퍼부을 거라는 것도 말이야.|그래서 아버지는 미리 고블린에게 그가 저주에 걸리면 아들에게 쪽지를 가져다 주라고 시켜두었지.|쪽지에 그렇게 쓰여있었어.|’공주의 물건을 모으면 공주가 나타날 것이다’|됐어! 이제 질문은 그만!|이제 공주의 물건은 다 모았으니 공주가 나타날거고.|넌 이제 크~은 삐에로가 되..,
jewel collected,A jewel is collected. Survive and go talk to the hood.,공주의 물건 획득. 살아남아 후드에게 가세요.,
found a shop,You found a shop! You can buy stuff with coins you collected.,상점을 발견했습니다. 상점에서는 던전에서 획득한 코인으로 물건을 살 수 있습니다.,
suitcase room,You found a suitcase. Open the suitcase with a blue dragon key.,수트케이스를 발견했습니다. 파란 용 열쇠로 열 수 있습니다.,
auto targeting,CHANGED TO AUTO TARGETING,,
manual targeting,CHANGED TO MANUAL TARGETING,,
tutorial_ghost_intro_0,Hi' I’m Tutorial Ghost.,안녕. 난 튜토리얼 고스트야.,
tutorial_ghost_intro_1,Good to see you. You may not see me. Because I’m invisible.,만나서 반가워. 내가 투명해서 안보이지?,
tutorial_ghost_intro_2,But I believe you hear me. So I’m going to keep talking. Because I like to talk.,그래도 내 말은 들을 수 있을꺼야. 그러니 그냥 얘기할께. 난 말하는걸 좋아하거든.,
tutorial_ghost_intro_3,I talk a lot. Sorry. But it will be helpful. I promise.,미안해. 내가 엄청 말이 많아서 말이야. 그래도 도움은 될꺼야.,
tutorial_ghost_intro_4,If you are from the PC-land' you can use WASD to move.,PC버전에서는 WASD 키보드로 움직이면 돼.,
tutorial_ghost_intro_5,If you are from the mobile-land' then I don’t have to tell you how to move. Because it’s right there.,모바일은 아래 보이는 패드로 조작하면 되구.,
tutorial_ghost_pc_0,But I see you are a PC-landian. So I will just tell you about the PC-landian manual.,PC랜드에서 온 것 같으니 PC버전에 대해서만 알려줄께.,
tutorial_ghost_pc_1,You can interact with things with E key on keyboard like talking to NPC or pulling a lever.,E키를 사용해서 상호작용을 할 수 있어. NPC에게 말을 걸 때도 쓸 수 있어.,
tutorial_ghost_pc_2,Guns and bullet information is at the top-left corner of the screen.,왼쪽 위에 총과 남은 총알의 수가 표시되어 있구.,
tutorial_ghost_pc_3,Press Tab key to see the entire-map. And the mini-map is available on the top-right corner of the screen.,오른쪽 위에 미니맵이 표시되어 있어. Tab키를 누르면 전체 맵을 볼 수 있어.,
tutorial_ghost_pc_4,R key to reload bullets. And number keys to change your weapon.,R키로 재장전을 할 수 있고 숫자키로 무기를 바꿀 수 있어.,
tutorial_ghost_pc_5,Move the mouse to aim and press the left button to shoot.,마우스를 사용해서 조준하고 왼쪽 버튼을 누르면 총을 쏠 수 있어.,
tutorial_ghost_pc_6,Also' you can reload bullets with the right button on the mouse.,마우스 오른쪽 버튼으로도 무기를 재장전 할 수 있어.,
tutorial_ghost_mobile_0,But I see you are a mobile-landian. So I will just tell you about the mobile-landian manual.,모바일랜드에서 온 것 같으니 모바일 버전에 대해서만 알려줄께.,
tutorial_ghost_mobile_1,To interact with things like NPC or a lever' you should approach and touch the screen.,NPC에게 말을 걸거나 상점을 이용하려면 가까이 가서 화면을 터치하면 돼.,
tutorial_ghost_mobile_2,Guns and bullet information is on the top-left corner of the screen.,왼쪽 위에 총과 남은 총알의 수가 표시되어 있구.,
tutorial_ghost_mobile_3,By touching the screen when nothing is in front of you' you can see the entire-map.,오른쪽 위에 미니맵이 표시되어 있고. 미니맵을 누르면 미니맵을 더 크게 볼 수 있어.,
tutorial_ghost_mobile_4,And the mini-map is available at the top-right corner of the screen.,화면의 오른쪽 아래 버튼들이 보이지? 이미 알고 있겠지만.,
tutorial_ghost_mobile_5,By the buttons you see at the right-bottom of the screen' you can shoot' jump' reload and change weapons.,그것들로 총을 쏘고 점프하고 총을 바꾸고 재장전 할 수 있어.,
tutorial_ghost_mobile_6,Shooting is enabled when you hold the shoot button for a moment.,총 쏘는 버튼을 누르고 있으면 잠시 뒤에 총알이 발사될거야.,
tutorial_ghost_mobile_7,That makes sure you don’t waste any bullet before you actually aim at the enemy.,총이 활성화되기 전에 조준할 수 있는 시간이 있어서 총알이 낭비 되는 일을 막아주는 거야.,
tutorial_ghost_general_0,One more jump is allowed in the air. Called ‘Tumbling’. When you are tumbling' you don’t get hit by bullets or anything.,공중에서 점프를 한 번 더 할 수 있어. 텀블링이라고 하는데. 텀블링 중에는 무적상태가 돼.,
tutorial_ghost_general_1,Now' this is the most important part of this dungeon.,이제 가장 중요한 부분이야.,
tutorial_ghost_general_2,The dungeon changes itself everyday. So it will be challenging everyday.,이 던전은 매일매일 바뀌게 되어있어. 매일매일 새로운 던전으로 바뀌는 거야.,
tutorial_ghost_general_3,And even on the same day' you can see a different dungeon depends on which room you reveal first.,그리고 같은 날이라도 다른 순서로 방을 접근하게 되면 전혀 다른 지형으로 변해.,
tutorial_ghost_general_4,You may not understand what it means. But you will see what it is. Just keep playing.,지금은 무슨 말인지 모를 수도 있어. 하지만 계속 하다보면 알꺼야.,
tutorial_ghost_general_5,And… that’s it. That’s all I know. But don’t shoot me. I want to keep talking.,그리고.. 끝이네? 그게 내가 아는 다야. 하지만 날 쏘지는 마. 계속 얘기하고 싶으니까.,
